Part Numbers,Quantity
92949A116,1.0
92949A113,1.0
92949A112,1.0
92949A110,1.0
92949A108,1.0
92949A106,1.0
92196A031,1.0
92196A113,1.0
92196A112,1.0
92196A110,1.0
92196A108,1.0
92196A106,1.0
92949A153,1.0
92949A151,1.0
92949A150,1.0
92949A148,1.0
92949A146,1.0
92949A144,1.0
92196A165,1.0
92196A151,1.0
92196A150,1.0
92196A148,1.0
92196A146,1.0
92196A144,1.0
92949A199,1.0
92949A197,1.0
92949A196,1.0
92949A194,1.0
92949A192,1.0
92949A190,1.0
92196A199,1.0
92196A197,1.0
92196A196,1.0
92196A194,1.0
92196A192,1.0
92196A190,1.0
92949A247,1.0
92949A245,1.0
92949A244,1.0
92949A242,1.0
92949A240,1.0
92949A238,1.0
92196A247,1.0
92196A245,1.0
92196A244,1.0
92196A242,1.0
92196A240,1.0
92196A309,1.0
92949A271,1.0
92949A269,1.0
92949A267,1.0
92949A265,1.0
92949A263,1.0
92949A261,1.0
92196A274,1.0
92196A272,1.0
92196A271,1.0
92196A269,1.0
92196A267,1.0
92196A265,1.0
92949A546,1.0
92949A544,1.0
92949A542,1.0
92949A540,1.0
92949A537,1.0
92949A535,1.0
92196A706,1.0
92196A544,1.0
92196A542,1.0
92196A540,1.0
92196A537,1.0
92196A535,1.0
92240A546,1.0
92240A544,1.0
92240A542,1.0
92240A540,1.0
92240A537,1.0
92240A535,1.0
92210A546,1.0
92210A544,1.0
92210A542,1.0
92210A540,1.0
92210A537,1.0
92210A535,1.0
91290A011,1.0
91290A013,1.0
91290A015,1.0
91290A019,1.0
91290A111,1.0
91290A113,1.0
91290A115,1.0
91290A117,1.0
91290A120,1.0
91290A123,1.0
91290A144,1.0
91290A168,1.0
91290A154,1.0
91290A148,1.0
91290A224,1.0
91290A228,1.0
91290A232,1.0
91290A242,1.0
91290A312,1.0
91290A318,1.0
91290A321,1.0
91290A326,1.0
91290A330,1.0
91290A332,1.0
91290A416,1.0
91290A418,1.0
91290A426,1.0
91290A434,1.0
91290A442,1.0
91290A448,1.0
91290A510,1.0
91290A512,1.0
91290A516,1.0
91290A522,1.0
91290A528,1.0
90145A470,1.0
90145A471,1.0
90145A472,1.0
90145A473,1.0
90145A503,1.0
90145A505,1.0
90145A507,1.0
90145A508,1.0
90145A537,1.0
90145A539,1.0
90145A540,1.0
90145A542,1.0
90145A544,1.0
90145A546,1.0
90145A549,1.0
90145A581,1.0
90145A583,1.0
90145A587,1.0
90145A624,1.0
90145A628,1.0
98296A892,1.0
98296A896,1.0
98296A898,1.0
98296A905,1.0
98296A910,1.0
98296A914,1.0
98296A275,1.0
98296A310,1.0
98296A315,1.0
98296A922,1.0
98296A926,1.0
98296A930,1.0
90031A194,1.0
90031A201,1.0
90031A207,1.0
